First Name,Last Name
Street
CHARLES,LastNameE
,adfg@gmail.com
DAVID,LastNameC
,dsaf
JOSEPH,LastNameF
,dsffa
MICHAEL,LastNameF
,dsffa
CHARLES,LastNameD
,adfg@gmail.com
RICHARD,LastNameB
,dsaf
JOSEPH,LastNameE
,dsffa
RICHARD,LastNameC
,dsaf
DAVID,LastNameF
,adfg@gmail.com
DAVID,LastNameE
,adfg@gmail.com
CHARLES,LastNameD
,dsffa
RICHARD,LastNameF
,dsaf
DAVID,LastNameF
,dsaf
WILLIAM,LastNameF
,dsffa
MICHAEL,LastNameF
,adfg@gmail.com
JOSEPH,LastNameE
,dsffa
DAVID,LastNameD
,dsffa
CHARLES,LastNameB
,dsffa
CHARLES,LastNameC
,adfg@gmail.com
RICHARD,LastNameB
,adfg@gmail.com
First Name,Last Name
Street,
ROBERT,LastNameF
,dsffa
WILLIAM,LastNameB
,adfg@gmail.com
MICHAEL,LastNameF
,dsaf
ROBERT,LastNameE
,dsaf
JOSEPH,LastNameB
,adfg@gmail.com
JOSEPH,LastNameE
,adfg@gmail.com
JOHN,LastNameB
,dsffa
JOSEPH,LastNameC
,dsffa
WILLIAM,LastNameC
,dsffa
WILLIAM,LastNameC
,dsffa
WILLIAM,LastNameD
,dsffa
DAVID,LastNameD
,dsffa
ROBERT,LastNameB
,dsffa
DAVID,LastNameF
,adfg@gmail.com
RICHARD,LastNameE
,dsffa
WILLIAM,LastNameC
,dsffa
WILLIAM,LastNameE
,dsaf
WILLIAM,LastNameF
,dsffa
JOSEPH,LastNameE
,dsaf
WILLIAM,LastNameE
,adfg@gmail.com
